{
  "琳妮特结局1:大成功!": [
    "我觉得可以先回酒会",
    "她在说什么"
  ],
  "琳妮特结局2:观众席": [
    "我觉得可以先回酒会",
    "静观事态发展"
  ],
  "琳妮特结局3:冒险家与调查员与猫": [
    "我觉得可以先帮邦妮"
  ],
  "琳妮特结局4:救猫咪": [
    "我觉得可以先帮邦妮"
  ],
  "琳妮特结局5:待机模式": [
    "两边都放着不管"
  ],
  "凯亚结局1:问题": [
    "凯亚对演出感兴趣吗"
  ],
  "凯亚结局2:不系之舟": [
    "刚刚说到哪了",
    "不可以为了一己私欲花费公款",
    "我可以陪凯亚一起放松"
  ],
  "凯亚结局3:温暖的葡萄": [
    "刚刚说到哪了",
    "不可以为了一己私欲花费公款",
    "我可以帮凯亚一起送纪念品",
    "明天去吧"
  ],
  "凯亚结局4:我们的太阳": [
    "刚刚说到哪了",
    "不可以为了一己私欲花费公款",
    "我可以帮凯亚一起送纪念品",
    "后天去吧"
  ],
  "凯亚结局5:线人或是朋友": [
    "刚刚说到哪了",
    "我带凯亚去没去过的地方玩吧"
  ],
  "卡维结局1:未来蓝图": [
    "一起去说服委托人吧",
    "尝试一下新的风格"
  ],
  "卡维结局2:契约达成": [
    "一起去说服委托人吧",
    "可以找其他商人筹款"
  ],
  "卡维结局3:闲时小聚": [
    "做些别的事转化心情",
    "卡维为什么要当设计师呢",
    "去找熟人问问"
  ],
  "卡维结局4:群星之下": [
    "做些别的事转化心情",
    "卡维为什么要当设计师呢",
    "还是先别管这个了"
  ],
  "卡维结局5:第1堂课": [
    "做些别的事转化心情",
    "找份其他工作赚钱"
  ],
  "莱依拉结局1:不可说之事": [
    "虽然有些不靠谱",
    "它可能只能是捉弄你",
    "解读[书籍]",
    "解读[真实想法]",
    "联想[真实身份]",
    "联想[目击地点]",
    "提交[行为逻辑]"
  ],
  "莱依拉结局2:代价与回报": [
    "虽然有些不靠谱",
    "我陪你去找答案",
    "仙灵应该不想苛责你"
  ],
  "莱依拉结局3:不愿重蹈覆辙": [
    "虽然有些不靠谱",
    "我陪你去找答案",
    "别再找仙灵的线索了"
  ],
  "莱依拉结局4:水到渠成": [
    "依靠这种不靠谱",
    "干脆正面迎战吧",
    "只是讲一些你学到的知识",
    "三轨偏移推算法则"
  ],
  "莱依拉结局5:星空的期望": [
    "依靠这种不靠谱",
    "干脆正面迎战吧",
    "只是讲一些你学到的知识",
    "你知道大工机吗"
  ],
  "莱依拉结局6:片刻安眠": [
    "依靠这种不靠谱",
    "就更彻底地放松一下吧"
  ],
  "珐露珊结局1:过去的故事": [
    "先帮她解决眼前的麻烦吧",
    "知论派的选修课程"
  ],
  "珐露珊结局2:知识就是财富": [
    "先帮她解决眼前的麻烦吧",
    "妙论派的合作课题",
    "尽可能详实准确一些"
  ],
  "珐露珊结局3:园丁与园圃": [
    "先帮她解决眼前的麻烦吧",
    "妙论派的合作课题",
    "尽可能简单有趣一些"
  ],
  "珐露珊结局4:再启动": [
    "想办法帮她脱身去禅那园吧",
    "将一切如实相告"
  ],
  "珐露珊结局5:欢迎回来，珐露珊": [
    "想办法帮她脱身去禅那园吧",
    "隐去塔米米的事"
  ],
  "鹿野院平藏结局1:不蒸发的回忆": [
    "我帮你查",
    "你有点说服我了"
  ],
  "鹿野院平藏结局2:天上掉下个鬼兜虫": [
    "但我得先把你带回去",
    "鹿说诈骗",
    "小心悦和伊庭"
  ],
  "鹿野院平藏结局3:绝不被骗3人组": [
    "但我得先把你带回去",
    "鹿说诈骗",
    "倾听内心的声音"
  ],
  "鹿野院平藏结局4:有一个秘密": [
    "但我得先把你带回去",
    "关于你的投诉信",
    "我有一些结论了",
    "鹰司勇的留言",
    "毒药的调查报告",
    "错怪了平藏"
  ],
  "鹿野院平藏结局5:名侦探法则": [
    "但我得先把你带回去",
    "关于你的投诉信",
    "我有一些结论了",
    "鹰司勇的留言",
    "毒药的调查报告",
    "平藏先生确实隐瞒了一部分线索"
  ],
  "久岐忍结局1:期待之外的工资": [
    "快步上前袒护",
    "道歉要紧",
    "姑且顺从她的意思吧"
  ],
  "久岐忍结局2:接下来是商务密谈": [
    "快步上前袒护",
    "道歉要紧",
    "千万不能被她带着走"
  ],
  "久岐忍结局3:法度执行": [
    "快步上前袒护",
    "让我来代劳",
    "还是跟我走吧"
  ],
  "久岐忍结局4:是祸躲不过": [
    "快步上前袒护",
    "让我来代劳",
    "我帮你藏好吧"
  ],
  "久岐忍结局5:荒泷派町街服务记录": [
    "默默后退半步"
  ],
  "凝光结局1:趁着光景正好": [
    "认真地试试看吧",
    "他们很厉害"
  ],
  "凝光结局2:藏品之重": [
    "认真地试试看吧",
    "那我们去看看吧"
  ],
  "凝光结局3:不变的意志": [
    "尽量避开专业性的事项吧",
    "去做之前没有时间做的事吧"
  ],
  "凝光结局4:有福同享": [
    "尽量避开专业性的事项吧",
    "去做一直都没有机会做的事吧",
    "那就从不需要本金的工作开始做吧"
  ],
  "凝光结局5:回马枪": [
    "尽量避开专业性的事项吧",
    "去做一直都没有机会做的事吧",
    "那就去北国银行打工吧"
  ],
  "云堇结局1:只可叹世路风波险": [
    "还是安全上台要紧",
    "多交流一下吧",
    "直接出面呵止"
  ],
  "云堇结局2:更难得人海觅知音": [
    "还是安全上台要紧",
    "多交流一下吧",
    "不要打草惊蛇"
  ],
  "云堇结局3:意趣合入画喜相逢": [
    "还是安全上台要紧",
    "先向经理预约吧",
    "明明台下的云堇更可爱一些"
  ],
  "云堇结局4:不投机无缘空留念": [
    "还是安全上台要紧",
    "先向经理预约吧",
    "还是台上的形象更深入人心"
  ],
  "云堇结局5:戏中人初窥戏中意": [
    "云堇说的也有道理"
  ],
  "五郎结局1:下，下次一定~": [
    "不如让我来帮五郎克服这个弱点",
    "可以先学习一些理论基础"
  ],
  "五郎结局2:甜品最棒了": [
    "不如让我来帮五郎克服这个弱点",
    "扮演五郎不擅长应对的女性"
  ],
  "五郎结局3:那个是~": [
    "我们不理她就好了",
    "其实八重神子也没有那么坏",
    "我去八重堂望望风"
  ],
  "五郎结局4:微笑着告别": [
    "我们不理她就好了",
    "其实八重神子也没有那么坏",
    "我留下来陪你一起"
  ],
  "五郎结局5:最后的纪念": [
    "我们不理她就好了",
    "暂时不要再去八重堂了"
  ],
  "北斗结局1:两个人的留影课": [
    "其实我对大家说的船员生活也蛮有兴趣的",
    "南十字之盾",
    "最适合的模特就是",
    "听说望舒客栈有个小渔村",
    "随意就好"
  ],
  "北斗结局2:妩媚": [
    "其实我对大家说的船员生活也蛮有兴趣的",
    "南十字之盾",
    "最适合的模特就是",
    "听说望舒客栈有个小渔村",
    "摆个妩媚的姿势"
  ],
  "北斗结局3:当1切结束后": [
    "其实我对大家说的船员生活也蛮有兴趣的",
    "南十字之矛"
  ],
  "北斗结局4:绯樱飘落归离处": [
    "我还要谢谢大家送我去稻妻",
    "但是我认为应该是在归离原"
  ],
  "北斗结局5:你我之间": [
    "我还要谢谢大家送我去稻妻",
    "但是我认为应该是在轻策庄"
  ],
  "早柚结局1:凡事都需节制": [
    "这样最令人放心",
    "更在乎的是身高是吧",
    "光睡觉是没法长高的",
    "你还愿意继续吗"
  ],
  "早柚结局2:如翱翔在天际": [
    "这样最令人放心",
    "更在乎的是身高是吧",
    "光睡觉是没法长高的",
    "试试其他办法吧"
  ],
  "早柚结局3:早柚绝不工作": [
    "这样最令人放心",
    "更在乎的是身高是吧",
    "应该是睡眠质量不够好"
  ],
  "早柚结局4:与树同行": [
    "这样最令人放心",
    "但逃避责任不太好哦"
  ],
  "早柚结局5:最安稳的休息": [
    "自己调查一下吧",
    "不准撒谎"
  ],
  "早柚结局6:小小早柚之烦恼": [
    "自己调查一下吧",
    "我不想听"
  ],
  "托马结局1:热闹的课堂": [
    "随他们说去吧",
    "想在室内",
    "肯定要大张旗鼓的宣传"
  ],
  "托马结局2:独处的时光": [
    "随他们说去吧",
    "想在室内",
    "只在社奉行里宣传下吧"
  ],
  "托马结局3:寄托思念的海风": [
    "随他们说去吧",
    "想出去走走",
    "对猫猫狗狗感兴趣",
    "不如一起去看看它？"
  ],
  "托马结局4:新衣服": [
    "随他们说去吧",
    "想出去走走",
    "对猫猫狗狗感兴趣",
    "让它冷静一段时间比较好"
  ],
  "托马结局5:手有余香": [
    "随他们说去吧",
    "想出去走走",
    "对逛街感兴趣"
  ],
  "托马结局6:家政官的另一面": [
    "我不是很认可"
  ],
  "迪奥娜结局1:猫咪派对": [
    "我是来看小猫的",
    "客人们主要",
    "迪奥娜的特调",
    "没有迪奥娜的"
  ],
  "迪奥娜结局2:难测的猫咪们": [
    "我是来看小猫的",
    "毕竟很可爱的嘛",
    "迪奥娜是想",
    "这样也行能更赚钱"
  ],
  "迪奥娜结局3:迪奥娜的特制饮品": [
    "我想尝试下新型特调",
    "基底饮品特别一点",
    "杜拉夫先生说他已经找到了"
  ],
  "迪奥娜结局4:我……只喝了……1点点": [
    "我想尝试下新型特调",
    "基底饮品特别一点",
    "我很擅长对付那些魔物"
  ],
  "迪奥娜结局5:终极特调": [
    "我想尝试下新型特调",
    "调酒辅料特别一点"
  ],
  "诺艾尔第二幕结局1:岩间休憩": [
    "缓解一下紧张感吧",
    "去港口吧"
  ],
  "诺艾尔第二幕结局2:女仆骑士": [
    "缓解一下紧张感吧",
    "三碗不过港"
  ],
  "诺艾尔第二幕结局3:满分答卷": [
    "直面考试压力吧",
    "可以多参加一些考试来熟悉氛围",
    "风车菊",
    "罗尔德",
    "烬寂海",
    "烤肉排"
  ],
  "诺艾尔第二幕结局4:错题漏分": [
    "直面考试压力吧",
    "可以多参加一些考试来熟悉氛围",
    "小灯草",
    "王尔德",
    "寂灭海"
  ],
  "诺艾尔第二幕结局5:独1无2的诺艾尔": [
    "直面考试压力吧",
    "可以多想象一下考试成功的样子",
    "琴那样"
  ],
  "诺艾尔第二幕结局6:女仆的本职工作": [
    "直面考试压力吧",
    "可以多想象一下考试成功的样子",
    "凯亚那样"
  ],
  "诺艾尔第一幕结局1:遇冷的盛情": [
    "并不一定非要成为骑士啊",
    "是特地为你准备的",
    "是特地为你准备的",
    "是特地为你准备的"
  ],
  "诺艾尔第一幕结局2:再见女仆小姐": [
    "并不一定非要成为骑士啊",
    "是诺艾尔的待客之道",
    "是诺艾尔的待客之道",
    "是诺艾尔的待客之道"
  ],
  "诺艾尔第一幕结局3:守护之心即是力量": [
    "你想从哪方面开始修行呢",
    "你缺乏的是力量",
    "因为缺乏实战经验"
  ],
  "诺艾尔第一幕结局4:女仆屹立于大地之上": [
    "你想从哪方面开始修行呢",
    "你缺乏的是力量",
    "因为力量还不够"
  ],
  "诺艾尔第一幕结局5:恋爱这道难题": [
    "你想从哪方面开始修行呢",
    "你缺乏的是休息",
    "心意到了就可以,随便送什么都没有关系"
  ],
  "诺艾尔第一幕结局6:纸玫瑰的低语": [
    "你想从哪方面开始修行呢",
    "你缺乏的是休息",
    "礼物是用来传达心意的,必须要好好准备"
  ],
  "芭芭拉结局1:不太适时的热情": [
    "你先在这等着",
    "这里很危险",
    "你也不知道钩钩果",
    "奔狼领里"
  ],
  "芭芭拉结局2:来自璃月的辣味": [
    "那我们再往里走走吧",
    "芭芭拉亲手做的辣味饮料",
    "那我们分头采集材料吧",
    "尝尝璃月的辣味饮料"
  ],
  "芭芭拉结局3:努力的味道": [
    "那我们再往里走走吧",
    "芭芭拉亲手做的辣味饮料",
    "那我们分头采集材料吧",
    "正想采集一些甜甜花"
  ],
  "芭芭拉结局4:未完成的治愈": [
    "那我们再往里走走吧",
    "芭芭拉亲手做的辣味饮料",
    "一起采集材料",
    "带回骑士团看看情况"
  ],
  "芭芭拉结局5:蒙德假日": [
    "那我们再往里走走吧",
    "了不起的梦幻忧郁珊瑚汽泡茶"
  ],
  "班尼特结局1:徒劳的等待": [
    "是但我们可以做些别的",
    "就在城里转转吧"
  ],
  "班尼特结局2:匆忙的道别": [
    "但我们可以做些别的",
    "去野外走走"
  ],
  "班尼特结局3:试菜员罗伊斯": [
    "和我一起冒险吧",
    "会准备吃的",
    "就听你的吧"
  ],
  "班尼特结局4:牺牲的决意": [
    "和我一起冒险吧",
    "会准备吃的",
    "班尼特并不欠他什么"
  ],
  "班尼特结局5:不亏是A级委托": [
    "和我一起冒险吧",
    "我一般选择直接上",
    "你去试试吧"
  ],
  "班尼特结局6:辛运的可能性": [
    "和我一起冒险吧",
    "我一般选择直接上",
    "承担危险"
  ],
  "重云结局1:焉知非福": [
    "直接说清楚吧",
    "那如果分给他一根呢"
  ],
  "重云结局2:休闲之趣": [
    "直接说清楚吧",
    "只能全部给他了",
    "冰雾花和清心"
  ],
  "重云结局3:难抵热力": [
    "直接说清楚吧",
    "只能全部给他了",
    "绝云椒椒和史莱姆凝液"
  ],
  "重云结局4:一无所获": [
    "还是别拆穿吧",
    "我陪你一起喝",
    "我一个人一起去调查下"
  ],
  "重云结局5:告别": [
    "还是别拆穿吧",
    "我陪你一起喝",
    "我帮你找个休息的地方",
    "还记得那个雾气吗"
  ],
  "重云结局6:小小的遗憾": [
    "还是别拆穿吧",
    "那就我一个人喝吧",
    "我帮你找个休息的地方",
    "我们回去吧"
  ]
}
