{
    "0": "|",
    "1": "-",
    "2": "/",
    "3": "0",
    "4": "1",
    "5": "2",
    "6": "3",
    "7": "4",
    "8": "5",
    "9": "6",
    "10": "7",
    "11": "8",
    "12": "9",
    "13": "B",
    "14": "G",
    "15": "H",
    "16": "M",
    "17": "N",
    "18": "S",
    "19": "a",
    "20": "c",
    "21": "e",
    "22": "p",
    "23": "u",
    "24": "·",
    "25": "…",
    "26": "《",
    "27": "》",
    "28": "「",
    "29": "」",
    "30": "一",
    "31": "丁",
    "32": "七",
    "33": "万",
    "34": "三",
    "35": "上",
    "36": "下",
    "37": "不",
    "38": "与",
    "39": "丑",
    "40": "专",
    "41": "且",
    "42": "世",
    "43": "丘",
    "44": "业",
    "45": "丛",
    "46": "东",
    "47": "丝",
    "48": "丞",
    "49": "严",
    "50": "个",
    "51": "中",
    "52": "丰",
    "53": "临",
    "54": "丸",
    "55": "丹",
    "56": "主",
    "57": "丽",
    "58": "乃",
    "59": "久",
    "60": "么",
    "61": "义",
    "62": "之",
    "63": "乌",
    "64": "乎",
    "65": "乐",
    "66": "乔",
    "67": "乘",
    "68": "九",
    "69": "也",
    "70": "习",
    "71": "乡",
    "72": "书",
    "73": "买",
    "74": "乱",
    "75": "乾",
    "76": "了",
    "77": "争",
    "78": "事",
    "79": "二",
    "80": "于",
    "81": "云",
    "82": "互",
    "83": "五",
    "84": "井",
    "85": "亚",
    "86": "些",
    "87": "亡",
    "88": "亢",
    "89": "交",
    "90": "产",
    "91": "亨",
    "92": "京",
    "93": "亭",
    "94": "亮",
    "95": "亲",
    "96": "人",
    "97": "什",
    "98": "仁",
    "99": "仆",
    "100": "仇",
    "101": "今",
    "102": "介",
    "103": "从",
    "104": "仓",
    "105": "仔",
    "106": "仕",
    "107": "他",
    "108": "付",
    "109": "仙",
    "110": "代",
    "111": "令",
    "112": "仪",
    "113": "们",
    "114": "仰",
    "115": "仲",
    "116": "件",
    "117": "任",
    "118": "伊",
    "119": "伍",
    "120": "伏",
    "121": "休",
    "122": "众",
    "123": "优",
    "124": "伙",
    "125": "会",
    "126": "伞",
    "127": "伟",
    "128": "传",
    "129": "伤",
    "130": "伦",
    "131": "伯",
    "132": "伴",
    "133": "伶",
    "134": "伸",
    "135": "似",
    "136": "伽",
    "137": "位",
    "138": "低",
    "139": "住",
    "140": "佐",
    "141": "佑",
    "142": "体",
    "143": "何",
    "144": "余",
    "145": "作",
    "146": "你",
    "147": "佣",
    "148": "佩",
    "149": "佳",
    "150": "使",
    "151": "侍",
    "152": "供",
    "153": "依",
    "154": "侠",
    "155": "侦",
    "156": "侯",
    "157": "便",
    "158": "俊",
    "159": "俐",
    "160": "俗",
    "161": "保",
    "162": "信",
    "163": "俩",
    "164": "修",
    "165": "倍",
    "166": "倒",
    "167": "候",
    "168": "借",
    "169": "债",
    "170": "值",
    "171": "假",
    "172": "偏",
    "173": "做",
    "174": "停",
    "175": "健",
    "176": "偶",
    "177": "偷",
    "178": "傅",
    "179": "像",
    "180": "僚",
    "181": "僧",
    "182": "儿",
    "183": "元",
    "184": "充",
    "185": "兆",
    "186": "先",
    "187": "光",
    "188": "克",
    "189": "兔",
    "190": "兜",
    "191": "入",
    "192": "全",
    "193": "八",
    "194": "公",
    "195": "六",
    "196": "兮",
    "197": "兰",
    "198": "关",
    "199": "兴",
    "200": "兵",
    "201": "其",
    "202": "具",
    "203": "典",
    "204": "兹",
    "205": "养",
    "206": "兽",
    "207": "内",
    "208": "冈",
    "209": "册",
    "210": "再",
    "211": "冒",
    "212": "写",
    "213": "军",
    "214": "农",
    "215": "冠",
    "216": "冢",
    "217": "冥",
    "218": "冬",
    "219": "冰",
    "220": "冲",
    "221": "决",
    "222": "冷",
    "223": "冻",
    "224": "冽",
    "225": "净",
    "226": "准",
    "227": "凉",
    "228": "凌",
    "229": "凛",
    "230": "凝",
    "231": "几",
    "232": "凡",
    "233": "凯",
    "234": "凶",
    "235": "凹",
    "236": "出",
    "237": "击",
    "238": "函",
    "239": "刀",
    "240": "刁",
    "241": "刃",
    "242": "分",
    "243": "切",
    "244": "刑",
    "245": "划",
    "246": "列",
    "247": "刘",
    "248": "则",
    "249": "刚",
    "250": "创",
    "251": "初",
    "252": "删",
    "253": "判",
    "254": "利",
    "255": "别",
    "256": "到",
    "257": "制",
    "258": "刷",
    "259": "刺",
    "260": "刻",
    "261": "剂",
    "262": "削",
    "263": "剌",
    "264": "前",
    "265": "剑",
    "266": "剖",
    "267": "剧",
    "268": "副",
    "269": "力",
    "270": "办",
    "271": "加",
    "272": "务",
    "273": "动",
    "274": "助",
    "275": "努",
    "276": "劫",
    "277": "励",
    "278": "劳",
    "279": "势",
    "280": "勃",
    "281": "勇",
    "282": "勋",
    "283": "勒",
    "284": "勘",
    "285": "募",
    "286": "勤",
    "287": "勿",
    "288": "包",
    "289": "匆",
    "290": "化",
    "291": "北",
    "292": "匙",
    "293": "匠",
    "294": "区",
    "295": "医",
    "296": "十",
    "297": "千",
    "298": "升",
    "299": "午",
    "300": "卉",
    "301": "半",
    "302": "华",
    "303": "协",
    "304": "卑",
    "305": "卓",
    "306": "单",
    "307": "卖",
    "308": "南",
    "309": "博",
    "310": "卜",
    "311": "卡",
    "312": "卢",
    "313": "卫",
    "314": "卯",
    "315": "印",
    "316": "危",
    "317": "却",
    "318": "卷",
    "319": "厄",
    "320": "厅",
    "321": "历",
    "322": "压",
    "323": "原",
    "324": "厨",
    "325": "参",
    "326": "又",
    "327": "友",
    "328": "双",
    "329": "反",
    "330": "发",
    "331": "叔",
    "332": "取",
    "333": "受",
    "334": "变",
    "335": "叙",
    "336": "叟",
    "337": "叠",
    "338": "口",
    "339": "古",
    "340": "叩",
    "341": "叫",
    "342": "召",
    "343": "叭",
    "344": "可",
    "345": "台",
    "346": "史",
    "347": "右",
    "348": "叶",
    "349": "号",
    "350": "司",
    "351": "叹",
    "352": "叽",
    "353": "吃",
    "354": "各",
    "355": "合",
    "356": "吉",
    "357": "吊",
    "358": "同",
    "359": "名",
    "360": "后",
    "361": "吏",
    "362": "向",
    "363": "吕",
    "364": "吗",
    "365": "君",
    "366": "吟",
    "367": "吠",
    "368": "吧",
    "369": "听",
    "370": "启",
    "371": "吴",
    "372": "呆",
    "373": "告",
    "374": "员",
    "375": "呜",
    "376": "周",
    "377": "呼",
    "378": "命",
    "379": "和",
    "380": "咎",
    "381": "咒",
    "382": "咖",
    "383": "咚",
    "384": "咪",
    "385": "咲",
    "386": "品",
    "387": "哈",
    "388": "响",
    "389": "哗",
    "390": "哥",
    "391": "哨",
    "392": "哲",
    "393": "唐",
    "394": "唤",
    "395": "售",
    "396": "商",
    "397": "啡",
    "398": "啦",
    "399": "啮",
    "400": "喀",
    "401": "喂",
    "402": "善",
    "403": "喇",
    "404": "喊",
    "405": "喜",
    "406": "喧",
    "407": "喷",
    "408": "嗜",
    "409": "嘉",
    "410": "嘟",
    "411": "嘲",
    "412": "嘴",
    "413": "器",
    "414": "囊",
    "415": "囚",
    "416": "四",
    "417": "回",
    "418": "因",
    "419": "团",
    "420": "园",
    "421": "困",
    "422": "围",
    "423": "固",
    "424": "国",
    "425": "图",
    "426": "圃",
    "427": "圆",
    "428": "土",
    "429": "圣",
    "430": "在",
    "431": "地",
    "432": "场",
    "433": "坂",
    "434": "坊",
    "435": "坎",
    "436": "坏",
    "437": "坐",
    "438": "块",
    "439": "坚",
    "440": "坛",
    "441": "坠",
    "442": "坡",
    "443": "坤",
    "444": "坦",
    "445": "坩",
    "446": "垂",
    "447": "型",
    "448": "埃",
    "449": "埋",
    "450": "城",
    "451": "埚",
    "452": "域",
    "453": "埠",
    "454": "基",
    "455": "堂",
    "456": "堆",
    "457": "堇",
    "458": "堡",
    "459": "塔",
    "460": "塞",
    "461": "境",
    "462": "墓",
    "463": "墙",
    "464": "墟",
    "465": "墨",
    "466": "墩",
    "467": "壁",
    "468": "士",
    "469": "壮",
    "470": "声",
    "471": "壳",
    "472": "壶",
    "473": "处",
    "474": "备",
    "475": "复",
    "476": "夏",
    "477": "外",
    "478": "夙",
    "479": "多",
    "480": "夜",
    "481": "夤",
    "482": "大",
    "483": "天",
    "484": "太",
    "485": "夫",
    "486": "失",
    "487": "头",
    "488": "奇",
    "489": "奈",
    "490": "奉",
    "491": "奋",
    "492": "奏",
    "493": "奔",
    "494": "奕",
    "495": "奖",
    "496": "奥",
    "497": "女",
    "498": "奶",
    "499": "好",
    "500": "如",
    "501": "妄",
    "502": "妇",
    "503": "妈",
    "504": "妍",
    "505": "妖",
    "506": "妙",
    "507": "妤",
    "508": "妮",
    "509": "妲",
    "510": "妹",
    "511": "妻",
    "512": "姆",
    "513": "始",
    "514": "姐",
    "515": "姜",
    "516": "姥",
    "517": "姨",
    "518": "姬",
    "519": "威",
    "520": "娄",
    "521": "娅",
    "522": "娇",
    "523": "娑",
    "524": "娘",
    "525": "娜",
    "526": "婆",
    "527": "婉",
    "528": "婕",
    "529": "婪",
    "530": "婵",
    "531": "婶",
    "532": "婷",
    "533": "嫣",
    "534": "嫩",
    "535": "子",
    "536": "孔",
    "537": "字",
    "538": "存",
    "539": "孙",
    "540": "孜",
    "541": "孝",
    "542": "孟",
    "543": "孢",
    "544": "季",
    "545": "孤",
    "546": "学",
    "547": "孩",
    "548": "宁",
    "549": "宅",
    "550": "宇",
    "551": "守",
    "552": "安",
    "553": "完",
    "554": "宏",
    "555": "宗",
    "556": "官",
    "557": "定",
    "558": "宛",
    "559": "宜",
    "560": "宝",
    "561": "实",
    "562": "审",
    "563": "客",
    "564": "宣",
    "565": "室",
    "566": "宫",
    "567": "宰",
    "568": "害",
    "569": "宵",
    "570": "家",
    "571": "容",
    "572": "宽",
    "573": "宾",
    "574": "宿",
    "575": "寂",
    "576": "寄",
    "577": "寅",
    "578": "密",
    "579": "寇",
    "580": "富",
    "581": "寒",
    "582": "寓",
    "583": "寝",
    "584": "寞",
    "585": "察",
    "586": "寡",
    "587": "对",
    "588": "寺",
    "589": "寻",
    "590": "导",
    "591": "封",
    "592": "射",
    "593": "将",
    "594": "尉",
    "595": "尊",
    "596": "小",
    "597": "少",
    "598": "尔",
    "599": "尖",
    "600": "尘",
    "601": "尚",
    "602": "尤",
    "603": "尧",
    "604": "就",
    "605": "尸",
    "606": "尼",
    "607": "尽",
    "608": "尾",
    "609": "局",
    "610": "层",
    "611": "居",
    "612": "屋",
    "613": "山",
    "614": "岐",
    "615": "岑",
    "616": "岚",
    "617": "岛",
    "618": "岩",
    "619": "岫",
    "620": "岳",
    "621": "岸",
    "622": "岻",
    "623": "峡",
    "624": "崎",
    "625": "崩",
    "626": "川",
    "627": "巡",
    "628": "巢",
    "629": "工",
    "630": "左",
    "631": "巧",
    "632": "巨",
    "633": "巫",
    "634": "已",
    "635": "巳",
    "636": "巴",
    "637": "巾",
    "638": "市",
    "639": "布",
    "640": "帆",
    "641": "师",
    "642": "希",
    "643": "帐",
    "644": "帕",
    "645": "帝",
    "646": "带",
    "647": "席",
    "648": "帮",
    "649": "常",
    "650": "帽",
    "651": "幕",
    "652": "干",
    "653": "平",
    "654": "年",
    "655": "幸",
    "656": "幻",
    "657": "幼",
    "658": "幽",
    "659": "广",
    "660": "庄",
    "661": "庆",
    "662": "庇",
    "663": "序",
    "664": "库",
    "665": "应",
    "666": "底",
    "667": "店",
    "668": "庙",
    "669": "府",
    "670": "庞",
    "671": "废",
    "672": "度",
    "673": "庭",
    "674": "康",
    "675": "廊",
    "676": "廖",
    "677": "延",
    "678": "廷",
    "679": "建",
    "680": "开",
    "681": "异",
    "682": "弃",
    "683": "弈",
    "684": "式",
    "685": "弓",
    "686": "引",
    "687": "弗",
    "688": "弘",
    "689": "弟",
    "690": "张",
    "691": "弥",
    "692": "弦",
    "693": "弱",
    "694": "强",
    "695": "归",
    "696": "当",
    "697": "录",
    "698": "形",
    "699": "彦",
    "700": "彩",
    "701": "彰",
    "702": "影",
    "703": "役",
    "704": "彼",
    "705": "往",
    "706": "征",
    "707": "径",
    "708": "待",
    "709": "很",
    "710": "律",
    "711": "徐",
    "712": "徒",
    "713": "得",
    "714": "御",
    "715": "微",
    "716": "德",
    "717": "徽",
    "718": "心",
    "719": "忆",
    "720": "忍",
    "721": "忒",
    "722": "志",
    "723": "忘",
    "724": "忙",
    "725": "忠",
    "726": "忧",
    "727": "快",
    "728": "念",
    "729": "忽",
    "730": "怀",
    "731": "怒",
    "732": "怕",
    "733": "怖",
    "734": "思",
    "735": "急",
    "736": "性",
    "737": "怨",
    "738": "怪",
    "739": "怯",
    "740": "总",
    "741": "恋",
    "742": "恍",
    "743": "恐",
    "744": "恒",
    "745": "恕",
    "746": "恩",
    "747": "恭",
    "748": "息",
    "749": "恰",
    "750": "恶",
    "751": "恼",
    "752": "悉",
    "753": "悟",
    "754": "悠",
    "755": "患",
    "756": "悦",
    "757": "悬",
    "758": "悼",
    "759": "情",
    "760": "惊",
    "761": "惑",
    "762": "惟",
    "763": "惠",
    "764": "惫",
    "765": "想",
    "766": "愁",
    "767": "愉",
    "768": "意",
    "769": "愚",
    "770": "感",
    "771": "愤",
    "772": "愿",
    "773": "慈",
    "774": "慌",
    "775": "慎",
    "776": "慕",
    "777": "慢",
    "778": "慧",
    "779": "慨",
    "780": "慰",
    "781": "懒",
    "782": "懦",
    "783": "戈",
    "784": "戎",
    "785": "戏",
    "786": "成",
    "787": "我",
    "788": "战",
    "789": "戚",
    "790": "戟",
    "791": "戳",
    "792": "戴",
    "793": "户",
    "794": "房",
    "795": "所",
    "796": "扇",
    "797": "扉",
    "798": "手",
    "799": "才",
    "800": "扎",
    "801": "打",
    "802": "托",
    "803": "扣",
    "804": "扬",
    "805": "扭",
    "806": "扳",
    "807": "扶",
    "808": "找",
    "809": "把",
    "810": "抓",
    "811": "投",
    "812": "抗",
    "813": "折",
    "814": "抚",
    "815": "护",
    "816": "报",
    "817": "抬",
    "818": "抱",
    "819": "抽",
    "820": "担",
    "821": "拆",
    "822": "拉",
    "823": "拍",
    "824": "拓",
    "825": "拔",
    "826": "招",
    "827": "拜",
    "828": "拳",
    "829": "拼",
    "830": "拽",
    "831": "拾",
    "832": "拿",
    "833": "持",
    "834": "挂",
    "835": "指",
    "836": "挑",
    "837": "挖",
    "838": "挡",
    "839": "振",
    "840": "捕",
    "841": "损",
    "842": "换",
    "843": "捷",
    "844": "掇",
    "845": "掌",
    "846": "排",
    "847": "掘",
    "848": "探",
    "849": "掣",
    "850": "接",
    "851": "推",
    "852": "掩",
    "853": "掬",
    "854": "提",
    "855": "搬",
    "856": "搭",
    "857": "摄",
    "858": "摆",
    "859": "摊",
    "860": "摘",
    "861": "摧",
    "862": "摩",
    "863": "摸",
    "864": "摹",
    "865": "撒",
    "866": "撞",
    "867": "播",
    "868": "操",
    "869": "攫",
    "870": "支",
    "871": "收",
    "872": "改",
    "873": "放",
    "874": "政",
    "875": "故",
    "876": "效",
    "877": "敌",
    "878": "敏",
    "879": "教",
    "880": "散",
    "881": "敦",
    "882": "敬",
    "883": "敲",
    "884": "整",
    "885": "敷",
    "886": "文",
    "887": "斋",
    "888": "斌",
    "889": "斐",
    "890": "斑",
    "891": "斗",
    "892": "料",
    "893": "斛",
    "894": "斡",
    "895": "断",
    "896": "斯",
    "897": "新",
    "898": "方",
    "899": "施",
    "900": "旁",
    "901": "旅",
    "902": "旋",
    "903": "族",
    "904": "无",
    "905": "日",
    "906": "旧",
    "907": "早",
    "908": "旭",
    "909": "时",
    "910": "旷",
    "911": "昂",
    "912": "昆",
    "913": "昊",
    "914": "昌",
    "915": "明",
    "916": "昏",
    "917": "易",
    "918": "星",
    "919": "映",
    "920": "春",
    "921": "昭",
    "922": "是",
    "923": "昼",
    "924": "显",
    "925": "晃",
    "926": "晋",
    "927": "晓",
    "928": "晔",
    "929": "晚",
    "930": "晦",
    "931": "晨",
    "932": "普",
    "933": "景",
    "934": "晰",
    "935": "晴",
    "936": "晶",
    "937": "智",
    "938": "暖",
    "939": "暗",
    "940": "暝",
    "941": "暮",
    "942": "暴",
    "943": "曚",
    "944": "曜",
    "945": "曦",
    "946": "曲",
    "947": "更",
    "948": "曼",
    "949": "替",
    "950": "最",
    "951": "月",
    "952": "有",
    "953": "朋",
    "954": "服",
    "955": "朔",
    "956": "朗",
    "957": "望",
    "958": "朝",
    "959": "期",
    "960": "木",
    "961": "未",
    "962": "末",
    "963": "本",
    "964": "札",
    "965": "术",
    "966": "朱",
    "967": "朴",
    "968": "朵",
    "969": "机",
    "970": "杂",
    "971": "权",
    "972": "杆",
    "973": "杉",
    "974": "李",
    "975": "杏",
    "976": "材",
    "977": "村",
    "978": "杜",
    "979": "杞",
    "980": "条",
    "981": "来",
    "982": "杨",
    "983": "杯",
    "984": "杰",
    "985": "杵",
    "986": "松",
    "987": "板",
    "988": "构",
    "989": "枕",
    "990": "林",
    "991": "枚",
    "992": "果",
    "993": "枝",
    "994": "枢",
    "995": "枣",
    "996": "枪",
    "997": "枫",
    "998": "枭",
    "999": "枯",
    "1000": "架",
    "1001": "柄",
    "1002": "柊",
    "1003": "柏",
    "1004": "某",
    "1005": "柑",
    "1006": "染",
    "1007": "柔",
    "1008": "柚",
    "1009": "柜",
    "1010": "查",
    "1011": "柯",
    "1012": "柱",
    "1013": "柳",
    "1014": "柴",
    "1015": "标",
    "1016": "栏",
    "1017": "树",
    "1018": "栓",
    "1019": "栖",
    "1020": "栗",
    "1021": "校",
    "1022": "样",
    "1023": "核",
    "1024": "根",
    "1025": "格",
    "1026": "桂",
    "1027": "桃",
    "1028": "框",
    "1029": "案",
    "1030": "桌",
    "1031": "桐",
    "1032": "桑",
    "1033": "桓",
    "1034": "桔",
    "1035": "桡",
    "1036": "档",
    "1037": "桥",
    "1038": "桦",
    "1039": "梁",
    "1040": "梅",
    "1041": "梆",
    "1042": "梢",
    "1043": "梦",
    "1044": "梨",
    "1045": "梭",
    "1046": "梯",
    "1047": "械",
    "1048": "梵",
    "1049": "梶",
    "1050": "棠",
    "1051": "森",
    "1052": "棱",
    "1053": "椅",
    "1054": "植",
    "1055": "椒",
    "1056": "椛",
    "1057": "椰",
    "1058": "楚",
    "1059": "楠",
    "1060": "榎",
    "1061": "榴",
    "1062": "槃",
    "1063": "槛",
    "1064": "模",
    "1065": "横",
    "1066": "樱",
    "1067": "橘",
    "1068": "檎",
    "1069": "次",
    "1070": "欢",
    "1071": "欣",
    "1072": "欧",
    "1073": "歇",
    "1074": "歌",
    "1075": "止",
    "1076": "正",
    "1077": "此",
    "1078": "步",
    "1079": "武",
    "1080": "歪",
    "1081": "死",
    "1082": "殁",
    "1083": "残",
    "1084": "殿",
    "1085": "毁",
    "1086": "毅",
    "1087": "母",
    "1088": "毓",
    "1089": "比",
    "1090": "毕",
    "1091": "毗",
    "1092": "民",
    "1093": "气",
    "1094": "氛",
    "1095": "水",
    "1096": "永",
    "1097": "汀",
    "1098": "求",
    "1099": "汇",
    "1100": "汉",
    "1101": "汐",
    "1102": "汝",
    "1103": "江",
    "1104": "池",
    "1105": "污",
    "1106": "汤",
    "1107": "汪",
    "1108": "汲",
    "1109": "汽",
    "1110": "沃",
    "1111": "沉",
    "1112": "沌",
    "1113": "沐",
    "1114": "沙",
    "1115": "沛",
    "1116": "没",
    "1117": "沫",
    "1118": "河",
    "1119": "油",
    "1120": "治",
    "1121": "泉",
    "1122": "泊",
    "1123": "法",
    "1124": "泛",
    "1125": "泡",
    "1126": "波",
    "1127": "泥",
    "1128": "注",
    "1129": "泰",
    "1130": "泳",
    "1131": "泷",
    "1132": "泽",
    "1133": "洁",
    "1134": "洋",
    "1135": "洒",
    "1136": "洛",
    "1137": "洞",
    "1138": "津",
    "1139": "洪",
    "1140": "洲",
    "1141": "活",
    "1142": "派",
    "1143": "流",
    "1144": "浅",
    "1145": "浆",
    "1146": "浇",
    "1147": "浊",
    "1148": "测",
    "1149": "浣",
    "1150": "浦",
    "1151": "浩",
    "1152": "浪",
    "1153": "浮",
    "1154": "海",
    "1155": "浸",
    "1156": "涂",
    "1157": "涅",
    "1158": "涉",
    "1159": "涓",
    "1160": "涛",
    "1161": "涟",
    "1162": "涡",
    "1163": "液",
    "1164": "淑",
    "1165": "淘",
    "1166": "淡",
    "1167": "淮",
    "1168": "深",
    "1169": "混",
    "1170": "清",
    "1171": "渊",
    "1172": "渌",
    "1173": "渚",
    "1174": "渡",
    "1175": "温",
    "1176": "港",
    "1177": "渴",
    "1178": "游",
    "1179": "湖",
    "1180": "源",
    "1181": "溜",
    "1182": "溢",
    "1183": "溪",
    "1184": "溯",
    "1185": "滑",
    "1186": "满",
    "1187": "滩",
    "1188": "滴",
    "1189": "漂",
    "1190": "漏",
    "1191": "演",
    "1192": "漠",
    "1193": "漫",
    "1194": "漱",
    "1195": "潇",
    "1196": "潦",
    "1197": "潮",
    "1198": "澄",
    "1199": "澜",
    "1200": "澪",
    "1201": "激",
    "1202": "濑",
    "1203": "瀑",
    "1204": "火",
    "1205": "灭",
    "1206": "灯",
    "1207": "灰",
    "1208": "灵",
    "1209": "灼",
    "1210": "灾",
    "1211": "炉",
    "1212": "炎",
    "1213": "炮",
    "1214": "点",
    "1215": "炼",
    "1216": "炽",
    "1217": "烂",
    "1218": "烈",
    "1219": "烛",
    "1220": "烟",
    "1221": "烦",
    "1222": "烬",
    "1223": "热",
    "1224": "烹",
    "1225": "焚",
    "1226": "焦",
    "1227": "焰",
    "1228": "焱",
    "1229": "然",
    "1230": "照",
    "1231": "熄",
    "1232": "熔",
    "1233": "熙",
    "1234": "燃",
    "1235": "燔",
    "1236": "爆",
    "1237": "爪",
    "1238": "爱",
    "1239": "爵",
    "1240": "父",
    "1241": "爷",
    "1242": "爸",
    "1243": "片",
    "1244": "版",
    "1245": "牌",
    "1246": "牙",
    "1247": "牛",
    "1248": "牢",
    "1249": "牧",
    "1250": "物",
    "1251": "特",
    "1252": "犍",
    "1253": "犬",
    "1254": "犯",
    "1255": "状",
    "1256": "犹",
    "1257": "狂",
    "1258": "狐",
    "1259": "狗",
    "1260": "狞",
    "1261": "狡",
    "1262": "独",
    "1263": "狮",
    "1264": "狰",
    "1265": "狸",
    "1266": "狼",
    "1267": "猎",
    "1268": "猛",
    "1269": "猜",
    "1270": "猪",
    "1271": "猫",
    "1272": "献",
    "1273": "玄",
    "1274": "率",
    "1275": "玉",
    "1276": "王",
    "1277": "玑",
    "1278": "玖",
    "1279": "玛",
    "1280": "玥",
    "1281": "玦",
    "1282": "玩",
    "1283": "玫",
    "1284": "玮",
    "1285": "现",
    "1286": "玲",
    "1287": "玻",
    "1288": "珀",
    "1289": "珂",
    "1290": "珊",
    "1291": "珍",
    "1292": "珏",
    "1293": "珐",
    "1294": "珑",
    "1295": "珠",
    "1296": "班",
    "1297": "球",
    "1298": "琅",
    "1299": "理",
    "1300": "琉",
    "1301": "琪",
    "1302": "琬",
    "1303": "琳",
    "1304": "琴",
    "1305": "琵",
    "1306": "琼",
    "1307": "瑚",
    "1308": "瑛",
    "1309": "瑞",
    "1310": "瑟",
    "1311": "瑠",
    "1312": "瑰",
    "1313": "瑶",
    "1314": "瑾",
    "1315": "璃",
    "1316": "璋",
    "1317": "璐",
    "1318": "璟",
    "1319": "瓜",
    "1320": "瓦",
    "1321": "瓶",
    "1322": "瓷",
    "1323": "甄",
    "1324": "甘",
    "1325": "甜",
    "1326": "生",
    "1327": "用",
    "1328": "田",
    "1329": "由",
    "1330": "甲",
    "1331": "申",
    "1332": "电",
    "1333": "男",
    "1334": "町",
    "1335": "画",
    "1336": "畅",
    "1337": "界",
    "1338": "畑",
    "1339": "留",
    "1340": "番",
    "1341": "疏",
    "1342": "疑",
    "1343": "疤",
    "1344": "疲",
    "1345": "病",
    "1346": "痕",
    "1347": "瘤",
    "1348": "登",
    "1349": "白",
    "1350": "百",
    "1351": "的",
    "1352": "皇",
    "1353": "皮",
    "1354": "盆",
    "1355": "盈",
    "1356": "盏",
    "1357": "盐",
    "1358": "监",
    "1359": "盒",
    "1360": "盖",
    "1361": "盗",
    "1362": "盘",
    "1363": "盛",
    "1364": "目",
    "1365": "直",
    "1366": "相",
    "1367": "看",
    "1368": "真",
    "1369": "眠",
    "1370": "眼",
    "1371": "睡",
    "1372": "督",
    "1373": "瞩",
    "1374": "矛",
    "1375": "矢",
    "1376": "知",
    "1377": "矩",
    "1378": "短",
    "1379": "石",
    "1380": "矿",
    "1381": "码",
    "1382": "砂",
    "1383": "研",
    "1384": "砖",
    "1385": "砥",
    "1386": "破",
    "1387": "确",
    "1388": "碎",
    "1389": "碑",
    "1390": "碧",
    "1391": "碰",
    "1392": "碾",
    "1393": "磨",
    "1394": "示",
    "1395": "礼",
    "1396": "社",
    "1397": "祀",
    "1398": "祇",
    "1399": "祈",
    "1400": "祐",
    "1401": "祖",
    "1402": "祝",
    "1403": "神",
    "1404": "祥",
    "1405": "祭",
    "1406": "祸",
    "1407": "禁",
    "1408": "禄",
    "1409": "福",
    "1410": "离",
    "1411": "禽",
    "1412": "秀",
    "1413": "秋",
    "1414": "种",
    "1415": "科",
    "1416": "秘",
    "1417": "秦",
    "1418": "秩",
    "1419": "积",
    "1420": "称",
    "1421": "移",
    "1422": "秽",
    "1423": "稀",
    "1424": "程",
    "1425": "稍",
    "1426": "稚",
    "1427": "稳",
    "1428": "稻",
    "1429": "稿",
    "1430": "穆",
    "1431": "穗",
    "1432": "穴",
    "1433": "究",
    "1434": "空",
    "1435": "穿",
    "1436": "突",
    "1437": "窗",
    "1438": "立",
    "1439": "站",
    "1440": "竟",
    "1441": "章",
    "1442": "童",
    "1443": "端",
    "1444": "竹",
    "1445": "竺",
    "1446": "笃",
    "1447": "笋",
    "1448": "笏",
    "1449": "笑",
    "1450": "笔",
    "1451": "笛",
    "1452": "笠",
    "1453": "符",
    "1454": "笨",
    "1455": "第",
    "1456": "笹",
    "1457": "笺",
    "1458": "笼",
    "1459": "等",
    "1460": "筑",
    "1461": "答",
    "1462": "策",
    "1463": "筝",
    "1464": "筠",
    "1465": "签",
    "1466": "简",
    "1467": "算",
    "1468": "管",
    "1469": "箭",
    "1470": "箱",
    "1471": "箴",
    "1472": "篇",
    "1473": "篝",
    "1474": "篠",
    "1475": "篮",
    "1476": "篷",
    "1477": "簇",
    "1478": "簪",
    "1479": "籍",
    "1480": "米",
    "1481": "籽",
    "1482": "粉",
    "1483": "粒",
    "1484": "粗",
    "1485": "粮",
    "1486": "精",
    "1487": "糊",
    "1488": "糕",
    "1489": "糖",
    "1490": "糙",
    "1491": "糟",
    "1492": "系",
    "1493": "素",
    "1494": "索",
    "1495": "紧",
    "1496": "紫",
    "1497": "絮",
    "1498": "繁",
    "1499": "纠",
    "1500": "红",
    "1501": "纤",
    "1502": "约",
    "1503": "级",
    "1504": "纪",
    "1505": "纬",
    "1506": "纯",
    "1507": "纱",
    "1508": "纳",
    "1509": "纶",
    "1510": "纷",
    "1511": "纸",
    "1512": "纹",
    "1513": "纽",
    "1514": "线",
    "1515": "绀",
    "1516": "练",
    "1517": "组",
    "1518": "细",
    "1519": "织",
    "1520": "终",
    "1521": "绍",
    "1522": "经",
    "1523": "结",
    "1524": "绘",
    "1525": "给",
    "1526": "络",
    "1527": "绝",
    "1528": "统",
    "1529": "绣",
    "1530": "继",
    "1531": "绫",
    "1532": "续",
    "1533": "绮",
    "1534": "绯",
    "1535": "维",
    "1536": "绸",
    "1537": "绿",
    "1538": "缄",
    "1539": "缇",
    "1540": "编",
    "1541": "缘",
    "1542": "缨",
    "1543": "缩",
    "1544": "缪",
    "1545": "缭",
    "1546": "缺",
    "1547": "罐",
    "1548": "罕",
    "1549": "罗",
    "1550": "罪",
    "1551": "置",
    "1552": "署",
    "1553": "美",
    "1554": "群",
    "1555": "羯",
    "1556": "羽",
    "1557": "翁",
    "1558": "翅",
    "1559": "翎",
    "1560": "翔",
    "1561": "翠",
    "1562": "翰",
    "1563": "翻",
    "1564": "翼",
    "1565": "老",
    "1566": "考",
    "1567": "者",
    "1568": "耆",
    "1569": "耐",
    "1570": "耕",
    "1571": "耶",
    "1572": "聆",
    "1573": "聊",
    "1574": "职",
    "1575": "联",
    "1576": "聘",
    "1577": "聚",
    "1578": "聪",
    "1579": "肃",
    "1580": "肇",
    "1581": "肉",
    "1582": "肖",
    "1583": "肥",
    "1584": "肯",
    "1585": "胆",
    "1586": "背",
    "1587": "胜",
    "1588": "胡",
    "1589": "胭",
    "1590": "胸",
    "1591": "能",
    "1592": "脂",
    "1593": "脆",
    "1594": "脉",
    "1595": "脊",
    "1596": "脏",
    "1597": "脚",
    "1598": "脸",
    "1599": "腾",
    "1600": "腿",
    "1601": "膀",
    "1602": "膏",
    "1603": "膳",
    "1604": "臣",
    "1605": "自",
    "1606": "臭",
    "1607": "至",
    "1608": "致",
    "1609": "舆",
    "1610": "舌",
    "1611": "舍",
    "1612": "舒",
    "1613": "舟",
    "1614": "航",
    "1615": "舫",
    "1616": "般",
    "1617": "船",
    "1618": "良",
    "1619": "色",
    "1620": "艺",
    "1621": "艾",
    "1622": "节",
    "1623": "芊",
    "1624": "芒",
    "1625": "芙",
    "1626": "芝",
    "1627": "芦",
    "1628": "芨",
    "1629": "芬",
    "1630": "芭",
    "1631": "芮",
    "1632": "芯",
    "1633": "花",
    "1634": "芳",
    "1635": "芷",
    "1636": "芽",
    "1637": "苍",
    "1638": "苏",
    "1639": "苗",
    "1640": "若",
    "1641": "苦",
    "1642": "英",
    "1643": "苹",
    "1644": "茁",
    "1645": "茂",
    "1646": "范",
    "1647": "茄",
    "1648": "茅",
    "1649": "茉",
    "1650": "茗",
    "1651": "茜",
    "1652": "茨",
    "1653": "茫",
    "1654": "茱",
    "1655": "茶",
    "1656": "茸",
    "1657": "茹",
    "1658": "草",
    "1659": "荒",
    "1660": "荣",
    "1661": "荧",
    "1662": "荫",
    "1663": "药",
    "1664": "荷",
    "1665": "荼",
    "1666": "莉",
    "1667": "莎",
    "1668": "莓",
    "1669": "莘",
    "1670": "莫",
    "1671": "莱",
    "1672": "莲",
    "1673": "莺",
    "1674": "莽",
    "1675": "菇",
    "1676": "菈",
    "1677": "菊",
    "1678": "菌",
    "1679": "菜",
    "1680": "菫",
    "1681": "菱",
    "1682": "菲",
    "1683": "萃",
    "1684": "萄",
    "1685": "萍",
    "1686": "萝",
    "1687": "萤",
    "1688": "营",
    "1689": "萨",
    "1690": "萩",
    "1691": "萸",
    "1692": "落",
    "1693": "葛",
    "1694": "葡",
    "1695": "葫",
    "1696": "葱",
    "1697": "葵",
    "1698": "葺",
    "1699": "蒂",
    "1700": "蒙",
    "1701": "蒲",
    "1702": "蒸",
    "1703": "蓉",
    "1704": "蓓",
    "1705": "蓝",
    "1706": "蓠",
    "1707": "蓬",
    "1708": "蔓",
    "1709": "蔚",
    "1710": "蔡",
    "1711": "蔷",
    "1712": "蔽",
    "1713": "蕈",
    "1714": "蕊",
    "1715": "蕴",
    "1716": "蕾",
    "1717": "薄",
    "1718": "薇",
    "1719": "薮",
    "1720": "薰",
    "1721": "薿",
    "1722": "藏",
    "1723": "藤",
    "1724": "藻",
    "1725": "蘑",
    "1726": "虎",
    "1727": "虑",
    "1728": "虚",
    "1729": "虫",
    "1730": "虹",
    "1731": "蚀",
    "1732": "蛇",
    "1733": "蛋",
    "1734": "蛎",
    "1735": "蛙",
    "1736": "蛮",
    "1737": "蛹",
    "1738": "蛾",
    "1739": "蜂",
    "1740": "蜃",
    "1741": "蜜",
    "1742": "蜥",
    "1743": "蜴",
    "1744": "蝴",
    "1745": "蝶",
    "1746": "螃",
    "1747": "螺",
    "1748": "蟹",
    "1749": "血",
    "1750": "行",
    "1751": "衍",
    "1752": "街",
    "1753": "衡",
    "1754": "衣",
    "1755": "补",
    "1756": "表",
    "1757": "衫",
    "1758": "衰",
    "1759": "袈",
    "1760": "袋",
    "1761": "被",
    "1762": "袭",
    "1763": "裁",
    "1764": "裂",
    "1765": "装",
    "1766": "裕",
    "1767": "裟",
    "1768": "裳",
    "1769": "褪",
    "1770": "西",
    "1771": "要",
    "1772": "覆",
    "1773": "见",
    "1774": "观",
    "1775": "规",
    "1776": "觉",
    "1777": "角",
    "1778": "解",
    "1779": "触",
    "1780": "言",
    "1781": "詹",
    "1782": "警",
    "1783": "计",
    "1784": "订",
    "1785": "认",
    "1786": "讥",
    "1787": "讨",
    "1788": "让",
    "1789": "训",
    "1790": "议",
    "1791": "讯",
    "1792": "记",
    "1793": "讶",
    "1794": "许",
    "1795": "论",
    "1796": "讽",
    "1797": "设",
    "1798": "访",
    "1799": "诀",
    "1800": "证",
    "1801": "诃",
    "1802": "识",
    "1803": "诈",
    "1804": "诊",
    "1805": "诏",
    "1806": "试",
    "1807": "诗",
    "1808": "诚",
    "1809": "话",
    "1810": "诡",
    "1811": "诤",
    "1812": "语",
    "1813": "诱",
    "1814": "说",
    "1815": "请",
    "1816": "诸",
    "1817": "诺",
    "1818": "读",
    "1819": "课",
    "1820": "谁",
    "1821": "调",
    "1822": "谈",
    "1823": "谜",
    "1824": "谢",
    "1825": "谱",
    "1826": "谷",
    "1827": "豁",
    "1828": "豆",
    "1829": "豪",
    "1830": "豫",
    "1831": "貌",
    "1832": "贝",
    "1833": "贞",
    "1834": "贡",
    "1835": "财",
    "1836": "贤",
    "1837": "账",
    "1838": "货",
    "1839": "质",
    "1840": "贩",
    "1841": "贪",
    "1842": "购",
    "1843": "贯",
    "1844": "贵",
    "1845": "费",
    "1846": "贺",
    "1847": "贼",
    "1848": "贾",
    "1849": "资",
    "1850": "赛",
    "1851": "赞",
    "1852": "赠",
    "1853": "赤",
    "1854": "赫",
    "1855": "走",
    "1856": "赵",
    "1857": "赶",
    "1858": "起",
    "1859": "超",
    "1860": "足",
    "1861": "跃",
    "1862": "距",
    "1863": "路",
    "1864": "踪",
    "1865": "躁",
    "1866": "身",
    "1867": "车",
    "1868": "轨",
    "1869": "轩",
    "1870": "转",
    "1871": "轮",
    "1872": "轰",
    "1873": "轴",
    "1874": "轶",
    "1875": "轻",
    "1876": "载",
    "1877": "较",
    "1878": "辅",
    "1879": "辉",
    "1880": "辑",
    "1881": "辖",
    "1882": "辛",
    "1883": "辩",
    "1884": "辰",
    "1885": "边",
    "1886": "达",
    "1887": "迁",
    "1888": "过",
    "1889": "迈",
    "1890": "迎",
    "1891": "运",
    "1892": "返",
    "1893": "还",
    "1894": "这",
    "1895": "进",
    "1896": "远",
    "1897": "连",
    "1898": "迦",
    "1899": "迪",
    "1900": "迭",
    "1901": "迷",
    "1902": "迹",
    "1903": "追",
    "1904": "退",
    "1905": "送",
    "1906": "逃",
    "1907": "逆",
    "1908": "选",
    "1909": "逊",
    "1910": "逐",
    "1911": "途",
    "1912": "通",
    "1913": "速",
    "1914": "造",
    "1915": "逢",
    "1916": "逸",
    "1917": "逻",
    "1918": "遇",
    "1919": "遐",
    "1920": "道",
    "1921": "遗",
    "1922": "遢",
    "1923": "遣",
    "1924": "遮",
    "1925": "邀",
    "1926": "邃",
    "1927": "邋",
    "1928": "那",
    "1929": "邦",
    "1930": "邪",
    "1931": "邱",
    "1932": "邸",
    "1933": "郁",
    "1934": "郎",
    "1935": "郑",
    "1936": "部",
    "1937": "都",
    "1938": "酊",
    "1939": "配",
    "1940": "酒",
    "1941": "酷",
    "1942": "醉",
    "1943": "醒",
    "1944": "采",
    "1945": "释",
    "1946": "里",
    "1947": "重",
    "1948": "野",
    "1949": "量",
    "1950": "金",
    "1951": "釜",
    "1952": "鉴",
    "1953": "针",
    "1954": "钓",
    "1955": "钟",
    "1956": "钥",
    "1957": "钦",
    "1958": "钧",
    "1959": "钩",
    "1960": "钱",
    "1961": "钵",
    "1962": "钺",
    "1963": "钿",
    "1964": "铁",
    "1965": "铃",
    "1966": "铎",
    "1967": "铛",
    "1968": "铜",
    "1969": "铭",
    "1970": "银",
    "1971": "铺",
    "1972": "锁",
    "1973": "锄",
    "1974": "锅",
    "1975": "锋",
    "1976": "锐",
    "1977": "错",
    "1978": "锚",
    "1979": "锡",
    "1980": "锤",
    "1981": "锦",
    "1982": "键",
    "1983": "锲",
    "1984": "锻",
    "1985": "镀",
    "1986": "镇",
    "1987": "镜",
    "1988": "镡",
    "1989": "镰",
    "1990": "镶",
    "1991": "长",
    "1992": "门",
    "1993": "闪",
    "1994": "闭",
    "1995": "问",
    "1996": "闯",
    "1997": "闲",
    "1998": "间",
    "1999": "闻",
    "2000": "阁",
    "2001": "阅",
    "2002": "阐",
    "2003": "阔",
    "2004": "队",
    "2005": "阳",
    "2006": "阵",
    "2007": "阻",
    "2008": "阿",
    "2009": "陀",
    "2010": "陆",
    "2011": "陇",
    "2012": "陈",
    "2013": "降",
    "2014": "院",
    "2015": "险",
    "2016": "陵",
    "2017": "陶",
    "2018": "陷",
    "2019": "隆",
    "2020": "随",
    "2021": "隐",
    "2022": "隙",
    "2023": "障",
    "2024": "隼",
    "2025": "难",
    "2026": "雀",
    "2027": "雄",
    "2028": "雅",
    "2029": "集",
    "2030": "雇",
    "2031": "雕",
    "2032": "雨",
    "2033": "雩",
    "2034": "雪",
    "2035": "雯",
    "2036": "雳",
    "2037": "零",
    "2038": "雷",
    "2039": "雾",
    "2040": "需",
    "2041": "霄",
    "2042": "震",
    "2043": "霍",
    "2044": "霓",
    "2045": "霖",
    "2046": "霞",
    "2047": "露",
    "2048": "霸",
    "2049": "霹",
    "2050": "青",
    "2051": "静",
    "2052": "非",
    "2053": "面",
    "2054": "鞘",
    "2055": "鞠",
    "2056": "韦",
    "2057": "韩",
    "2058": "音",
    "2059": "韵",
    "2060": "页",
    "2061": "顶",
    "2062": "顺",
    "2063": "须",
    "2064": "顾",
    "2065": "顿",
    "2066": "颂",
    "2067": "领",
    "2068": "颇",
    "2069": "频",
    "2070": "颗",
    "2071": "题",
    "2072": "风",
    "2073": "飘",
    "2074": "飞",
    "2075": "食",
    "2076": "餐",
    "2077": "饪",
    "2078": "饭",
    "2079": "饰",
    "2080": "馆",
    "2081": "馈",
    "2082": "首",
    "2083": "香",
    "2084": "马",
    "2085": "驮",
    "2086": "驱",
    "2087": "驳",
    "2088": "驶",
    "2089": "驹",
    "2090": "驼",
    "2091": "驾",
    "2092": "骆",
    "2093": "验",
    "2094": "骏",
    "2095": "骑",
    "2096": "骗",
    "2097": "骨",
    "2098": "骸",
    "2099": "髓",
    "2100": "高",
    "2101": "髦",
    "2102": "鬓",
    "2103": "鬼",
    "2104": "魂",
    "2105": "魈",
    "2106": "魏",
    "2107": "魔",
    "2108": "鱼",
    "2109": "鲁",
    "2110": "鲈",
    "2111": "鲍",
    "2112": "鲜",
    "2113": "鲱",
    "2114": "鲸",
    "2115": "鳃",
    "2116": "鳄",
    "2117": "鳅",
    "2118": "鳍",
    "2119": "鳗",
    "2120": "鸟",
    "2121": "鸠",
    "2122": "鸢",
    "2123": "鸣",
    "2124": "鸥",
    "2125": "鸦",
    "2126": "鸿",
    "2127": "鹤",
    "2128": "鹫",
    "2129": "鹰",
    "2130": "鹿",
    "2131": "麟",
    "2132": "麦",
    "2133": "麻",
    "2134": "黄",
    "2135": "黑",
    "2136": "默",
    "2137": "黛",
    "2138": "黯",
    "2139": "鼠",
    "2140": "鼬",
    "2141": "齐",
    "2142": "齿",
    "2143": "龙",
    "2144": "龚",
    "2145": "龛",
    "2146": "龟",
    "2147": "！",
    "2148": "（",
    "2149": "）",
    "2150": "，",
    "2151": "：",
    "2152": "？"
}