[
  {
    "alias": [ "旅行者", "主角", "卑鄙的外乡人", "荣誉骑士", "爷", "主", "履刑者", "抽卡不歪真君" ],
    "id": "20000000",
    "name": "旅行者",
    "nameEn": "Traveler",
    "weapon": "1"
  },
  {
    "alias": [ "荧", "女主", "女主角", "莹", "萤", "黄毛阿姨", "荧妹", "女爷", "包包", "宴宁" ],
    "id": "10000007",
    "name": "荧",
    "nameEn": "PlayerGirl",
    "weapon": "1"
  },
  {
    "alias": [ "空", "男主", "男主角", "龙哥", "空哥", "男爷" ],
    "id": "10000005",
    "name": "空",
    "nameEn": "PlayerBoy",
    "weapon": "1"
  },
  {
    "alias": [ "神里绫华", "Kamisato Ayaka", "Ayaka", "神里", "绫华", "神里凌华", "凌华", "白鹭公主", "神里大小姐", "龟", "龟龟", "乌龟" ],
    "burstCD": 20.0,
    "id": "10000002",
    "name": "神里绫华",
    "nameEn": "Ayaka",
    "skillCD": 10.0,
    "weapon": "1"
  },
  {
    "alias": [ "琴", "Jean", "团长", "代理团长", "琴团长", "蒲公英骑士" ],
    "burstCD": 20.0,
    "id": "10000003",
    "name": "琴",
    "nameEn": "Qin",
    "skillCD": 6.0,
    "weapon": "1"
  },
  {
    "alias": [ "丽莎", "Lisa", "图书管理员", "图书馆管理员", "蔷薇魔女", "阿姨" ],
    "burstCD": 20.0,
    "id": "10000006",
    "name": "丽莎",
    "nameEn": "Lisa",
    "skillCD": 1.0,
    "skillHoldCD": 16.0,
    "weapon": "10"
  },
  {
    "alias": [ "芭芭拉", "Barbara", "巴巴拉", "内鬼", "加湿器", "肉身解咒", "肉身解咒真君", "闪耀偶像", "偶像" ],
    "burstCD": 20.0,
    "id": "10000014",
    "name": "芭芭拉",
    "nameEn": "Barbara",
    "skillCD": 32.0,
    "weapon": "10"
  },
  {
    "alias": [ "凯亚", "Kaeya", "盖亚", "凯子哥", "凯鸭", "矿工", "矿工头子", "骑兵队长", "凯子", "凝冰渡海真君" ],
    "burstCD": 15.0,
    "id": "10000015",
    "name": "凯亚",
    "nameEn": "Kaeya",
    "skillCD": 6.0,
    "weapon": "1"
  },
  {
    "alias": [ "迪卢克", "Diluc", "卢姥爷", "姥爷", "卢老爷", "卢锅巴", "正义人", "正e人", "正E人", "卢本伟", "暗夜英雄", "卢卢伯爵", "落魄了", "落魄了家人们" ],
    "burstCD": 12.0,
    "id": "10000016",
    "name": "迪卢克",
    "nameEn": "Diluc",
    "skillCD": 10.0,
    "weapon": "11"
  },
  {
    "alias": [ "雷泽", "Razor", "狼少年", "狼崽子", "狼崽", "卢皮卡", "小狼", "小狼狗", "狼孩" ],
    "burstCD": 20.0,
    "id": "10000020",
    "name": "雷泽",
    "nameEn": "Razor",
    "skillCD": 6.0,
    "skillHoldCD": 10.0,
    "weapon": "11"
  },
  {
    "alias": [ "安柏", "Amber", "安伯", "兔兔伯爵", "飞行冠军", "侦查骑士", "点火姬", "点火机", "打火机", "打火姬" ],
    "burstCD": 12.0,
    "id": "10000021",
    "name": "安柏",
    "nameEn": "Ambor",
    "skillCD": 15.0,
    "weapon": "12"
  },
  {
    "alias": [ "温迪", "Venti", "温蒂", "风神", "卖唱的", "巴巴托斯", "巴巴脱丝", "芭芭托斯", "芭芭脱丝", "干点正事", "不干正事", "吟游诗人", "诶嘿", "唉嘿", "摸鱼" ],
    "burstCD": 15.0,
    "id": "10000022",
    "name": "温迪",
    "nameEn": "Venti",
    "skillCD": 6.0,
    "skillHoldCD": 15.0,
    "weapon": "12"
  },
  {
    "alias": [ "香菱", "Xiangling", "香玲", "锅巴", "厨师", "万民堂厨师", "香师傅" ],
    "burstCD": 20.0,
    "id": "10000023",
    "name": "香菱",
    "nameEn": "Xiangling",
    "skillCD": 12.0,
    "weapon": "13"
  },
  {
    "alias": [ "北斗", "Beidou", "大姐头", "大姐", "无冕的龙王" ],
    "burstCD": 20.0,
    "id": "10000024",
    "name": "北斗",
    "nameEn": "Beidou",
    "skillCD": 7.5,
    "weapon": "11"
  },
  {
    "alias": [ "行秋", "Xingqiu", "秋秋人", "秋妹妹", "书呆子", "枕玉", "飞云商会二少爷" ],
    "burstCD": 20.0,
    "id": "10000025",
    "name": "行秋",
    "nameEn": "Xingqiu",
    "skillCD": 21.0,
    "weapon": "1"
  },
  {
    "alias": [ "魈", "Xiao", "打桩机", "插秧", "三眼五显仙人", "三眼五显真人", "降魔大圣", "护法夜叉", "快乐风男", "无聊", "靖妖傩舞", "矮子仙人", "三点五尺仙人", "跳跳虎", "风夜叉" ],
    "burstCD": 18.0,
    "id": "10000026",
    "name": "魈",
    "nameEn": "Xiao",
    "skillCD": 10.0,
    "weapon": "13"
  },
  {
    "alias": [ "凝光", "Ningguang", "富婆", "天权星", "天权" ],
    "burstCD": 12.0,
    "id": "10000027",
    "name": "凝光",
    "nameEn": "Ningguang",
    "skillCD": 12.0,
    "weapon": "10"
  },
  {
    "alias": [ "可莉", "逃跑的太阳", "Klee", "嘟嘟可", "火花骑士", "蹦蹦炸弹", "炸鱼", "放火烧山", "放火烧山真君", "蒙德最强战力", "逃跑的太阳", "啦啦啦", "哒哒哒", "炸弹人", "禁闭室", "太阳", "小太阳" ],
    "burstCD": 15.0,
    "id": "10000029",
    "name": "可莉",
    "nameEn": "Klee",
    "skillCD": 20.0,
    "weapon": "10"
  },
  {
    "alias": [ "钟离", "Zhongli", "摩拉克斯", "岩王爷", "岩神", "钟师傅", "天动万象", "岩王帝君", "未来可期", "帝君", "拒收病婿" ],
    "burstCD": 12.0,
    "id": "10000030",
    "name": "钟离",
    "nameEn": "Zhongli",
    "skillCD": 4.0,
    "skillHoldCD": 12.0,
    "weapon": "13"
  },
  {
    "alias": [ "菲谢尔", "Fischl", "皇女", "小艾米", "小艾咪", "奥兹", "断罪皇女", "中二病", "中二少女", "中二皇女", "奥兹发射器" ],
    "burstCD": 15.0,
    "id": "10000031",
    "name": "菲谢尔",
    "nameEn": "Fischl",
    "skillCD": 25.0,
    "weapon": "12"
  },
  {
    "alias": [ "班尼特", "Bennett", "点赞哥", "点赞", "倒霉少年", "倒霉蛋", "霹雳闪雷真君", "班神", "班爷", "倒霉", "蒙德火神", "六星真神" ],
    "burstCD": 15.0,
    "id": "10000032",
    "name": "班尼特",
    "nameEn": "Bennett",
    "skillCD": 5.0,
    "weapon": "1"
  },
  {
    "alias": [ "达达利亚", "Tartaglia", "Childe", "Ajax", "达达鸭", "达达利鸭", "公子", "玩具销售员", "玩具推销员", "钱包", "鸭鸭", "愚人众末席" ],
    "burstCD": 15.0,
    "id": "10000033",
    "name": "达达利亚",
    "nameEn": "Tartaglia",
    "skillCD": 6.0,
    "skillHoldCD": 45.0,
    "weapon": "12"
  },
  {
    "alias": [ "诺艾尔", "Noelle", "女仆", "高达", "岩王帝姬" ],
    "burstCD": 15.0,
    "id": "10000034",
    "name": "诺艾尔",
    "nameEn": "Noel",
    "skillCD": 24.0,
    "weapon": "11"
  },
  {
    "alias": [ "七七", "Qiqi", "僵尸", "肚饿真君", "度厄真君", "77" ],
    "burstCD": 20.0,
    "id": "10000035",
    "name": "七七",
    "nameEn": "Qiqi",
    "skillCD": 30.0,
    "weapon": "1"
  },
  {
    "alias": [ "重云", "Chongyun", "纯阳之体", "冰棍" ],
    "burstCD": 12.0,
    "id": "10000036",
    "name": "重云",
    "nameEn": "Chongyun",
    "skillCD": 15.0,
    "weapon": "11"
  },
  {
    "alias": [ "甘雨", "Ganyu", "椰羊", "椰奶", "王小美" ],
    "burstCD": 15.0,
    "id": "10000037",
    "name": "甘雨",
    "nameEn": "Ganyu",
    "skillCD": 10.0,
    "weapon": "12"
  },
  {
    "alias": [ "阿贝多", "Albedo", "可莉哥哥", "升降机", "升降台", "电梯", "白垩之子", "贝爷", "白垩", "阿贝少", "花呗多", "阿贝夕", "阿师傅" ],
    "burstCD": 12.0,
    "id": "10000038",
    "name": "阿贝多",
    "nameEn": "Albedo",
    "skillCD": 4.0,
    "weapon": "1"
  },
  {
    "alias": [ "迪奥娜", "Diona", "迪欧娜", "dio娜", "冰猫", "猫猫", "猫娘", "喵喵", "调酒师" ],
    "burstCD": 20.0,
    "id": "10000039",
    "name": "迪奥娜",
    "nameEn": "Diona",
    "skillCD": 6.0,
    "skillHoldCD": 15.0,
    "weapon": "12"
  },
  {
    "alias": [ "莫娜", "Mona", "穷鬼", "穷光蛋", "穷", "莫纳", "占星术士", "占星师", "讨龙真君", "半部讨龙真君", "阿斯托洛吉斯·莫娜·梅姬斯图斯", "梅姬斯图斯", "梅姬斯图斯姬" ],
    "burstCD": 15.0,
    "id": "10000041",
    "name": "莫娜",
    "nameEn": "Mona",
    "skillCD": 12.0,
    "weapon": "10"
  },
  {
    "alias": [ "刻晴", "Keqing", "刻情", "氪晴", "刻师傅", "刻师父", "牛杂", "牛杂师傅", "斩尽牛杂", "免疫", "免疫免疫", "屁斜剑法", "玉衡星", "阿晴", "啊晴", "璃月雷神" ],
    "burstCD": 12.0,
    "id": "10000042",
    "name": "刻晴",
    "nameEn": "Keqing",
    "skillCD": 7.5,
    "weapon": "1"
  },
  {
    "alias": [ "砂糖", "Sucrose", "sucrose" ],
    "burstCD": 20.0,
    "id": "10000043",
    "name": "砂糖",
    "nameEn": "Sucrose",
    "skillCD": 15.0,
    "weapon": "10"
  },
  {
    "alias": [ "辛焱", "Xinyan", "辛炎", "黑妹", "摇滚" ],
    "burstCD": 15.0,
    "id": "10000044",
    "name": "辛焱",
    "nameEn": "Xinyan",
    "skillCD": 18.0,
    "weapon": "11"
  },
  {
    "alias": [ "罗莎莉亚", "Rosaria", "罗莎莉娅", "白色史莱姆", "白史莱姆", "修女", "罗莎利亚", "罗莎利娅", "罗沙莉亚", "罗沙莉娅", "罗沙利亚", "罗沙利娅", "萝莎莉亚", "萝莎莉娅", "萝莎利亚", "萝莎利娅", "萝沙莉亚", "萝沙莉娅", "萝沙利亚", "萝沙利娅" ],
    "burstCD": 15.0,
    "id": "10000045",
    "name": "罗莎莉亚",
    "nameEn": "Rosaria",
    "skillCD": 6.0,
    "weapon": "13"
  },
  {
    "alias": [ "胡桃", "Hu Tao", "HuTao", "Hutao", "胡淘", "往生堂堂主", "火化", "抬棺的", "蝴蝶", "核桃", "堂主", "胡堂主", "雪霁梅香", "桃子", "桃" ],
    "burstCD": 15.0,
    "id": "10000046",
    "name": "胡桃",
    "nameEn": "Hutao",
    "skillCD": 16.0,
    "weapon": "13"
  },
  {
    "alias": [ "枫原万叶", "Kaedehara Kazuha", "Kazuha", "万叶", "叶天帝", "天帝", "叶师傅" ],
    "burstCD": 15.0,
    "id": "10000047",
    "name": "枫原万叶",
    "nameEn": "Kazuha",
    "skillCD": 6.0,
    "skillHoldCD": 9.0,
    "weapon": "1"
  },
  {
    "alias": [ "烟绯", "Yanfei", "烟老师", "律师", "罗翔" ],
    "burstCD": 20.0,
    "id": "10000048",
    "name": "烟绯",
    "nameEn": "Feiyan",
    "skillCD": 9.0,
    "weapon": "10"
  },
  {
    "alias": [ "宵宫", "Yoimiya", "霄宫", "烟花", "肖宫", "肖工", "绷带女孩" ],
    "burstCD": 15.0,
    "id": "10000049",
    "name": "宵宫",
    "nameEn": "Yoimiya",
    "skillCD": 18.0,
    "weapon": "12"
  },
  {
    "alias": [ "托马", "Thoma", "家政官", "太郎丸", "地头蛇", "男仆", "拖马" ],
    "burstCD": 20.0,
    "id": "10000050",
    "name": "托马",
    "nameEn": "Tohma",
    "skillCD": 15.0,
    "weapon": "13"
  },
  {
    "alias": [ "优菈", "Eula", "优拉", "尤拉", "尤菈", "浪花骑士", "记仇", "劳伦斯" ],
    "burstCD": 20.0,
    "id": "10000051",
    "name": "优菈",
    "nameEn": "Eula",
    "skillCD": 4.0,
    "skillHoldCD": 10.0,
    "weapon": "11"
  },
  {
    "alias": [ "雷电将军", "Raiden Shogun", "Raiden", "雷神", "将军", "雷军", "巴尔", "阿影", "影", "巴尔泽布", "煮饭婆", "奶香一刀", "无想一刀", "宅女" ],
    "burstCD": 18.0,
    "id": "10000052",
    "name": "雷电将军",
    "nameEn": "Shougun",
    "skillCD": 10.0,
    "weapon": "13"
  },
  {
    "alias": [ "早柚", "Sayu", "小狸猫", "狸猫", "忍者", "貉" ],
    "burstCD": 20.0,
    "id": "10000053",
    "name": "早柚",
    "nameEn": "Sayu",
    "skillCD": 6.0,
    "weapon": "11"
  },
  {
    "alias": [ "珊瑚宫心海", "Sangonomiya Kokomi", "Kokomi", "心海", "军师", "珊瑚宫", "书记", "观赏鱼", "水母", "鱼", "美人鱼" ],
    "burstCD": 18.0,
    "id": "10000054",
    "name": "珊瑚宫心海",
    "nameEn": "Kokomi",
    "skillCD": 20.0,
    "weapon": "10"
  },
  {
    "alias": [ "五郎", "Gorou", "柴犬", "土狗", "希娜", "希娜小姐" ],
    "burstCD": 20.0,
    "id": "10000055",
    "name": "五郎",
    "nameEn": "Gorou",
    "skillCD": 10.0,
    "weapon": "12"
  },
  {
    "alias": [ "九条裟罗", "Kujou Sara", "Sara", "九条", "九条沙罗", "裟罗", "沙罗", "天狗" ],
    "burstCD": 20.0,
    "id": "10000056",
    "name": "九条裟罗",
    "nameEn": "Sara",
    "skillCD": 10.0,
    "weapon": "12"
  },
  {
    "alias": [ "荒泷一斗", "Arataki Itto", "Itto", "荒龙一斗", "荒泷天下第一斗", "一斗", "一抖", "荒泷", "1斗", "牛牛", "斗子哥", "牛子哥", "牛子", "孩子王", "斗虫", "巧乐兹", "放牛的" ],
    "burstCD": 18.0,
    "id": "10000057",
    "name": "荒泷一斗",
    "nameEn": "Itto",
    "skillCD": 10.0,
    "weapon": "11"
  },
  {
    "alias": [ "八重神子", "Yae Miko", "Miko", "八重", "神子", "狐狸", "想得美哦", "巫女", "屑狐狸", "骚狐狸", "八重宫司", "婶子", "小八", "八重寄子", "寄子", "八神虫子", "八神重子" ],
    "burstCD": 22.0,
    "id": "10000058",
    "name": "八重神子",
    "nameEn": "Yae",
    "skillCD": 4.0,
    "weapon": "10"
  },
  {
    "alias": [ "鹿野院平藏", "shikanoin heizou", "Heizou", "鹿野苑", "鹿野院", "平藏", "鹿野苑平藏", "小鹿" ],
    "burstCD": 12.0,
    "id": "10000059",
    "name": "鹿野院平藏",
    "nameEn": "Heizo",
    "skillCD": 10.0,
    "weapon": "10"
  },
  {
    "alias": [ "夜兰", "Yelan", "夜阑", "叶澜", "腋兰", "夜天后" ],
    "burstCD": 18.0,
    "id": "10000060",
    "name": "夜兰",
    "nameEn": "Yelan",
    "skillCD": 10.0,
    "weapon": "12"
  },
  {
    "alias": [ "绮良良", "Kirara", "大猫猫", "大喵喵", "稻妻猫猫", "绮娘娘", "琦良良", "良良", "快递员", "草猫", "草猫猫", "草喵", "草喵喵", "猫又" ],
    "burstCD": 15.0,
    "id": "10000061",
    "name": "绮良良",
    "nameEn": "Momoka",
    "skillCD": 8.0,
    "weapon": "1"
  },
  {
    "alias": [ "埃洛伊", "Aloy" ],
    "burstCD": 12.0,
    "id": "10000062",
    "name": "埃洛伊",
    "nameEn": "Aloy",
    "skillCD": 20.0,
    "weapon": "12"
  },
  {
    "alias": [ "申鹤", "Shenhe", "神鹤", "小姨", "小姨子", "审鹤" ],
    "burstCD": 20.0,
    "id": "10000063",
    "name": "申鹤",
    "nameEn": "Shenhe",
    "skillCD": 10.0,
    "skillHoldCD": 15.0,
    "weapon": "13"
  },
  {
    "alias": [ "云堇", "Yun Jin", "yun jin", "云瑾", "云先生", "云锦", "神女劈观" ],
    "burstCD": 15.0,
    "id": "10000064",
    "name": "云堇",
    "nameEn": "Yunjin",
    "skillCD": 9.0,
    "weapon": "13"
  },
  {
    "alias": [ "久岐忍", "Kuki Shinobu", "Kuki", "Shinobu", "97忍", "小忍", "久歧忍", "97", "茄忍", "茄子", "紫茄子", "阿忍", "忍姐" ],
    "burstCD": 15.0,
    "id": "10000065",
    "name": "久岐忍",
    "nameEn": "Shinobu",
    "skillCD": 15.0,
    "weapon": "1"
  },
  {
    "alias": [ "神里绫人", "Kamisato Ayato", "Ayato", "绫人", "神里凌人", "凌人", "0人", "神人", "零人", "大舅哥" ],
    "burstCD": 20.0,
    "id": "10000066",
    "name": "神里绫人",
    "nameEn": "Ayato",
    "skillCD": 12.0,
    "weapon": "1"
  },
  {
    "alias": [ "柯莱", "Collei", "柯来", "科莱", "科来", "小天使", "须弥安柏", "草安柏", "须弥飞行冠军" ],
    "burstCD": 15.0,
    "id": "10000067",
    "name": "柯莱",
    "nameEn": "Collei",
    "skillCD": 12.0,
    "weapon": "12"
  },
  {
    "alias": [ "多莉", "Dori", "多利", "多力", "奸商" ],
    "burstCD": 20.0,
    "id": "10000068",
    "name": "多莉",
    "nameEn": "Dori",
    "skillCD": 9.0,
    "weapon": "11"
  },
  {
    "alias": [ "提纳里", "Tighnari", "提那里", "小提", "驴" ],
    "burstCD": 12.0,
    "id": "10000069",
    "name": "提纳里",
    "nameEn": "Tighnari",
    "skillCD": 12.0,
    "weapon": "12"
  },
  {
    "alias": [ "妮露", "Nilou", "尼露", "妮璐", "舞娘", "红牛" ],
    "burstCD": 18.0,
    "id": "10000070",
    "name": "妮露",
    "nameEn": "Nilou",
    "skillCD": 18.0,
    "weapon": "1"
  },
  {
    "alias": [ "赛诺", "Cyno", "塞诺", "胡狼", "大风纪官", "大风机关" ],
    "burstCD": 20.0,
    "id": "10000071",
    "name": "赛诺",
    "nameEn": "Cyno",
    "skillCD": 7.5,
    "skillHoldCD": 3.0,
    "weapon": "13"
  },
  {
    "alias": [ "坎蒂丝", "Candace", "坎迪斯" ],
    "burstCD": 15.0,
    "id": "10000072",
    "name": "坎蒂丝",
    "nameEn": "Candace",
    "skillCD": 6.0,
    "skillHoldCD": 9.0,
    "weapon": "13"
  },
  {
    "alias": [ "纳西妲", "Nahida", "草神", "小吉祥", "大吉祥", "小草神", "大慈树王", "小吉祥草王", "草萝莉", "羽毛球", "摩诃善法大吉祥智慧主", "智慧主", "智慧之神", "布耶尔" ],
    "burstCD": 13.5,
    "id": "10000073",
    "name": "纳西妲",
    "nameEn": "Nahida",
    "skillCD": 5.0,
    "skillHoldCD": 6.0,
    "weapon": "10"
  },
  {
    "alias": [ "莱依拉", "Layla", "莱依菈", "来依菈", "来依拉" ],
    "burstCD": 12.0,
    "id": "10000074",
    "name": "莱依拉",
    "nameEn": "Layla",
    "skillCD": 12.0,
    "weapon": "1"
  },
  {
    "alias": [ "流浪者", "Wanderer", "散兵", "国崩", "雷电国崩", "大炮", "雷电大炮", "雷大炮", "伞兵", "斯卡拉姆齐" ],
    "burstCD": 15.0,
    "id": "10000075",
    "name": "流浪者",
    "nameEn": "Wanderer",
    "skillCD": 6.0,
    "weapon": "10"
  },
  {
    "alias": [ "珐露珊", "Faruzan", "法露珊", "法璐珊", "法露姗", "法璐姗", "珐露姗", "珐璐姗", "百岁珊", "百岁山", "前辈", "仙贝" ],
    "burstCD": 20.0,
    "id": "10000076",
    "name": "珐露珊",
    "nameEn": "Faruzan",
    "skillCD": 6.0,
    "weapon": "12"
  },
  {
    "alias": [ "瑶瑶", "Yaoyao", "遥遥", "萝卜", "月桂" ],
    "burstCD": 20.0,
    "id": "10000077",
    "name": "瑶瑶",
    "nameEn": "Yaoyao",
    "skillCD": 15.0,
    "weapon": "13"
  },
  {
    "alias": [ "艾尔海森", "Alhaitham", "海哥", "埃尔海森", "海森", "海参", "书记官" ],
    "burstCD": 18.0,
    "id": "10000078",
    "name": "艾尔海森",
    "nameEn": "Alhatham",
    "skillCD": 18.0,
    "weapon": "1"
  },
  {
    "alias": [ "迪希雅", "Dehya", "迪希亚", "迪希娅", "迪西雅", "迪西亚" ],
    "burstCD": 18.0,
    "id": "10000079",
    "name": "迪希雅",
    "nameEn": "Dehya",
    "skillCD": 20.0,
    "weapon": "11"
  },
  {
    "alias": [ "米卡", "Mika", "鹦鹉", "凤头", "凤头鹦鹉" ],
    "burstCD": 18.0,
    "id": "10000080",
    "name": "米卡",
    "nameEn": "Mika",
    "skillCD": 15.0,
    "weapon": "13"
  },
  {
    "alias": [ "卡维", "Kaveh", "艾尔海森室友" ],
    "burstCD": 20.0,
    "id": "10000081",
    "name": "卡维",
    "nameEn": "Kaveh",
    "skillCD": 6.0,
    "weapon": "11"
  },
  {
    "alias": [ "白术", "Baizhu", "长生", "白医生" ],
    "burstCD": 20.0,
    "id": "10000082",
    "name": "白术",
    "nameEn": "Baizhuer",
    "skillCD": 10.0,
    "weapon": "10"
  },
  {
    "alias": [ "琳妮特", "Lynette", "林妮特", "林尼特", "琳尼特", "女魔术师", "魔术猫", "魔术喵", "登登" ],
    "burstCD": 18.0,
    "id": "10000083",
    "name": "琳妮特",
    "nameEn": "Linette",
    "skillCD": 12.0,
    "weapon": "1"
  },
  {
    "alias": [ "林尼", "Lyney", "林妮", "琳尼", "琳妮", "男魔术师", "魔术师" ],
    "burstCD": 15.0,
    "id": "10000084",
    "name": "林尼",
    "nameEn": "Liney",
    "skillCD": 15.0,
    "weapon": "12"
  },
  {
    "alias": [ "菲米尼", "Freminet", "非米尼", "潜水员" ],
    "burstCD": 15.0,
    "id": "10000085",
    "name": "菲米尼",
    "nameEn": "Freminet",
    "skillCD": 10.0,
    "weapon": "11"
  },
  {
    "alias": [ "莱欧斯利", "Wriothesley", "莱欧", "枫丹桑博", "公爵" ],
    "burstCD": 15.0,
    "id": "10000086",
    "name": "莱欧斯利",
    "nameEn": "Wriothesley",
    "skillCD": 16.0,
    "weapon": "10"
  },
  {
    "alias": [ "那维莱特", "Neuvillette", "那维", "水龙王", "水龙", "审判官", "海獭", "龙王", "最高审判官", "水之龙王" ],
    "burstCD": 18.0,
    "id": "10000087",
    "name": "那维莱特",
    "nameEn": "Neuvillette",
    "skillCD": 12.0,
    "weapon": "10"
  },
  {
    "alias": [ "夏洛蒂", "Charlotte", "夏洛", "夏洛帝", "记者", "小记者", "佳能400D", "400D" ],
    "burstCD": 20.0,
    "id": "10000088",
    "name": "夏洛蒂",
    "nameEn": "Charlotte",
    "skillCD": 12.0,
    "skillHoldCD": 18.0,
    "weapon": "10"
  },
  {
    "alias": [ "芙宁娜", "Furina", "Focalors", "水神", "芙芙", "芙卡洛斯", "傻芙芙" ],
    "burstCD": 15.0,
    "id": "10000089",
    "name": "芙宁娜",
    "nameEn": "Furina",
    "skillCD": 20.0,
    "weapon": "1"
  },
  {
    "alias": [ "夏沃蕾", "chevreuse", "夏沃雷" ],
    "burstCD": 15.0,
    "id": "10000090",
    "name": "夏沃蕾",
    "nameEn": "Chevreuse",
    "skillCD": 15.0,
    "weapon": "13"
  },
  {
    "alias": [ "娜维娅", "navia", "大小姐", "刺玫会", "黄豆", "流汗黄豆", "黄豆姐", "娜薇娅", "娜薇雅", "娜维雅" ],
    "burstCD": 15.0,
    "id": "10000091",
    "name": "娜维娅",
    "nameEn": "Navia",
    "skillCD": 9.0,
    "weapon": "11"
  },
  {
    "alias": [ "嘉明", "Gaming", "jiaming", "佳明", "嘉铭", "家明", "镖师", "舞狮少年", "舞狮" ],
    "burstCD": 15.0,
    "id": "10000092",
    "name": "嘉明",
    "nameEn": "Gaming",
    "skillCD": 6.0,
    "weapon": "11"
  },
  {
    "alias": [ "闲云", "Xianyun", "流云", "刘云", "留云", "野鹤", "那个女人", "留云借风", "留云借风真君", "很会聊天", "很会聊天真君" ],
    "burstCD": 18.0,
    "id": "10000093",
    "name": "闲云",
    "nameEn": "Liuyun",
    "skillCD": 12.0,
    "weapon": "10"
  },
  {
    "alias": [ "千织", "Chiori", "千只", "设计师", "裁缝", "千织屋老板" ],
    "burstCD": 13.5,
    "id": "10000094",
    "name": "千织",
    "nameEn": "Chiori",
    "skillCD": 16.0,
    "weapon": "1"
  },
  {
    "alias": [ "希格雯", "Sigewinne", "希格文", "护士", "护士长" ],
    "burstCD": 18.0,
    "id": "10000095",
    "name": "希格雯",
    "nameEn": "Sigewinne",
    "skillCD": 18.0,
    "weapon": "12"
  },
  {
    "alias": [ "阿蕾奇诺", "Arlecchino", "阿雷奇诺", "仆人", "黑优菈", "黑暗优菈", "父亲", "佩露薇利" ],
    "burstCD": 15.0,
    "id": "10000096",
    "name": "阿蕾奇诺",
    "nameEn": "Arlecchino",
    "skillCD": 30.0,
    "weapon": "13"
  },
  {
    "alias": [ "赛索斯", "Sethos", "塞索斯", "塞索思", "赛索思" ],
    "burstCD": 15.0,
    "id": "10000097",
    "name": "赛索斯",
    "nameEn": "Sethos",
    "skillCD": 8.0,
    "weapon": "12"
  },
  {
    "alias": [ "克洛琳德", "Clorinde", "琳德", "科洛琳德", "克洛林德", "克罗林德", "苹果姐" ],
    "burstCD": 15.0,
    "id": "10000098",
    "name": "克洛琳德",
    "nameEn": "Clorinde",
    "skillCD": 16.0,
    "weapon": "1"
  },
  {
    "alias": [ "艾梅莉埃", "Emilie", "调香师", "艾梅", "香水设计师", "现场清理人" ],
    "burstCD": 13.5,
    "id": "10000099",
    "name": "艾梅莉埃",
    "nameEn": "Emilie",
    "skillCD": 10.0,
    "skillHoldCD": 14.0,
    "weapon": "13"
  },
  {
    "alias": [ "卡齐娜", "Kachina", "卡奇娜", "卡齐纳", "卡齐那", "卡其那", "冲天钻钻" ],
    "burstCD": 18.0,
    "id": "10000100",
    "name": "卡齐娜",
    "nameEn": "Kachina",
    "skillCD": 20.0,
    "weapon": "13"
  },
  {
    "alias": [ "基尼奇", "Kinich", "基哥" ],
    "burstCD": 18.0,
    "id": "10000101",
    "name": "基尼奇",
    "nameEn": "Kinich",
    "skillCD": 18.0,
    "weapon": "11"
  },
  {
    "alias": [ "玛拉妮", "Mualani", "马拉尼", "鲨鱼妹", "海豹妹", "海豹", "纳塔鲨" ],
    "burstCD": 15.0,
    "id": "10000102",
    "name": "玛拉妮",
    "nameEn": "Mualani",
    "skillCD": 1.8,
    "skillHoldCD": 6.0,
    "weapon": "10"
  }
]
